{
  "test": {
    "accuracy": 0.125,
    "auprc_acceptor": 0.525952380952381,
    "auprc_donor": 0.29166666666666663,
    "auprc_non_splice": 0.16666666666666666,
    "auroc_acceptor": 0.2,
    "auroc_donor": 0.33333333333333337,
    "auroc_non_splice": 0.2857142857142857,
    "confusion_matrix": [
      [
        0,
        0,
        1
      ],
      [
        0,
        0,
        2
      ],
      [
        4,
        0,
        1
      ]
    ],
    "macro_f1": 0.07407407407407407,
    "per_class": {
      "acceptor": {
        "f1": 0.2222222222222222,
        "precision": 0.25,
        "recall": 0.2,
        "support": 5
      },
      "donor": {
        "f1": 0.0,
        "precision": 0.0,
        "recall": 0.0,
        "support": 2
      },
      "non_splice": {
        "f1": 0.0,
        "precision": 0.0,
        "recall": 0.0,
        "support": 1
      }
    }
  },
  "train": {
    "epoch": 1.0,
    "total_flos": 2799786074112.0,
    "train_loss": 1.1221278309822083,
    "train_runtime": 12.0374,
    "train_samples_per_second": 0.665,
    "train_steps_per_second": 0.166
  },
  "valid": {
    "epoch": 1.0,
    "eval_accuracy": 0.625,
    "eval_auprc_acceptor": 0.8555555555555556,
    "eval_auprc_donor": 0.3333333333333333,
    "eval_auroc_acceptor": 0.5833333333333334,
    "eval_auroc_donor": 0.5,
    "eval_f1_acceptor": 0.7692307692307693,
    "eval_f1_donor": 0.0,
    "eval_f1_non_splice": 0.0,
    "eval_loss": 1.0730589628219604,
    "eval_macro_f1": 0.25641025641025644,
    "eval_precision_acceptor": 0.7142857142857143,
    "eval_precision_donor": 0.0,
    "eval_precision_non_splice": 0.0,
    "eval_recall_acceptor": 0.8333333333333334,
    "eval_recall_donor": 0.0,
    "eval_recall_non_splice": 0.0,
    "eval_runtime": 0.0791,
    "eval_samples_per_second": 101.173,
    "eval_steps_per_second": 25.293
  }
}
