{
  "accuracy": 0.9674687871705081,
  "auprc_acceptor": 0.9931617524858951,
  "auprc_donor": 0.9937586370743269,
  "auprc_non_splice": 0.9946018604071444,
  "auroc_acceptor": 0.9971809721674788,
  "auroc_donor": 0.9974325624027138,
  "auroc_non_splice": 0.9948646486140434,
  "confusion_matrix": [
    [
      58743,
      1061,
      1212
    ],
    [
      716,
      28614,
      109
    ],
    [
      716,
      97,
      28955
    ]
  ],
  "macro_f1": 0.9667991402006076,
  "per_class": {
    "acceptor": {
      "f1": 0.9644593964426088,
      "precision": 0.9563680803276523,
      "recall": 0.9726887933351249,
      "support": 29768
    },
    "donor": {
      "f1": 0.9665096012565233,
      "precision": 0.9611043933897622,
      "recall": 0.9719759502700499,
      "support": 29439
    },
    "non_splice": {
      "f1": 0.9694284229026908,
      "precision": 0.9762027420024927,
      "recall": 0.96274747607185,
      "support": 61016
    }
  }
}
