negative_type,n,accuracy,false_positive_rate,donor_fp,acceptor_fp,mean_splice_site_probability,median_splice_site_probability,max_splice_site_probability
motif_hard,19171,0.9403786969902457,0.059621303009754316,550,593,0.07732965052127838,0.004337049089372158,0.9997833967208862
random_genome,19135,0.9726678860726418,0.027332113927358244,225,298,0.039681944996118546,0.0019395232666283846,0.9997040629386902
intronic,22710,0.9732716864817261,0.02672831351827389,286,321,0.040298014879226685,0.0024328199215233326,0.9995956420898438
