{
  "test": {
    "accuracy": 0.9669055798238546,
    "auprc_acceptor": 0.993106792369987,
    "auprc_donor": 0.9932146212176567,
    "auprc_non_splice": 0.9943009412417239,
    "auroc_acceptor": 0.9971112704740007,
    "auroc_donor": 0.9972104449990541,
    "auroc_non_splice": 0.994665523231707,
    "confusion_matrix": [
      [
        68024,
        1408,
        1305
      ],
      [
        824,
        34261,
        112
      ],
      [
        861,
        172,
        34507
      ]
    ],
    "macro_f1": 0.966328271333548,
    "per_class": {
      "acceptor": {
        "f1": 0.9657170043658345,
        "precision": 0.9605556174145418,
        "recall": 0.9709341586944288,
        "support": 35540
      },
      "donor": {
        "f1": 0.9645823362144205,
        "precision": 0.9559164085823498,
        "recall": 0.9734068244452653,
        "support": 35197
      },
      "non_splice": {
        "f1": 0.9686854734203894,
        "precision": 0.9758280853261415,
        "recall": 0.9616466629910796,
        "support": 70737
      }
    }
  },
  "train": {
    "epoch": 3.0,
    "total_flos": 1.188408364934103e+18,
    "train_loss": 0.1389214458779765,
    "train_runtime": 7367.8533,
    "train_samples_per_second": 460.836,
    "train_steps_per_second": 3.601
  },
  "valid": {
    "epoch": 3.0,
    "eval_accuracy": 0.9671741804147759,
    "eval_auprc_acceptor": 0.9931150160203438,
    "eval_auprc_donor": 0.9934522974578509,
    "eval_auprc_non_splice": 0.9942831853275047,
    "eval_auroc_acceptor": 0.9971980714486767,
    "eval_auroc_donor": 0.997324939300912,
    "eval_auroc_non_splice": 0.9946383194885338,
    "eval_f1_acceptor": 0.9651312475513516,
    "eval_f1_donor": 0.965513348761077,
    "eval_f1_non_splice": 0.9690495832503627,
    "eval_loss": 0.10435079038143158,
    "eval_macro_f1": 0.9665647265209305,
    "eval_precision_acceptor": 0.9599198396793587,
    "eval_precision_donor": 0.9590984272938802,
    "eval_precision_non_splice": 0.9750268336314848,
    "eval_recall_acceptor": 0.9703995498030388,
    "eval_recall_donor": 0.9720146603403699,
    "eval_recall_non_splice": 0.9631451715509564,
    "eval_runtime": 78.9403,
    "eval_samples_per_second": 1792.165,
    "eval_steps_per_second": 7.005
  }
}
