{
  "accuracy": 0.967032811682712,
  "auprc_acceptor": 0.9936071871597827,
  "auprc_donor": 0.9934807233636004,
  "auprc_non_splice": 0.9945832118997142,
  "auroc_acceptor": 0.9972925059708715,
  "auroc_donor": 0.9973546845452503,
  "auroc_non_splice": 0.9949747405780196,
  "confusion_matrix": [
    [
      67804,
      1543,
      1390
    ],
    [
      698,
      34375,
      124
    ],
    [
      753,
      156,
      34631
    ]
  ],
  "macro_f1": 0.9665037461499164,
  "per_class": {
    "acceptor": {
      "f1": 0.96619934435377,
      "precision": 0.958113155346521,
      "recall": 0.9744231851435002,
      "support": 35540
    },
    "donor": {
      "f1": 0.9646279693002764,
      "precision": 0.9529023673559904,
      "recall": 0.9766457368525726,
      "support": 35197
    },
    "non_splice": {
      "f1": 0.9686839247957026,
      "precision": 0.9790484441556566,
      "recall": 0.9585365508856751,
      "support": 70737
    }
  }
}
