experiment,split_or_eval,training_mode,accuracy,macro_f1,mean_auroc,mean_auprc,motif_hard_fpr,train_runtime_sec,peak_gpu_reserved_gib,trainable_parameters,trainable_fraction,final_model_size_gib,checkpoint_size_gib
full_baseline,random full test,full,0.9669055798238546,0.966328271333548,0.996329079568254,0.9935407849431225,0.0612911435357991,7367.8533,,117070851,1.0,0.436497213318944,3.9266669591888785
chrom_holdout_full,chr9/chr10 test,full,0.9674687871705081,0.9667991402006076,0.9964927277280786,0.9938407499891221,0.0596213030097543,6709.747,,117070851,1.0,0.436497519724071,3.9266900569200516
random_only_ablation,original full test,full,0.967032811682712,0.9665037461499164,0.9965406436980472,0.9938903741410324,0.0710044112656939,7345.2361,,117070851,1.0,0.436497519724071,3.926667786203325
linear_probe,random full test,linear_probe,0.6314799892559764,0.5629477502405845,0.7778880502157041,0.623309575169433,0.1271208008143875,2892.6962,16.580078125,592899,0.005064445973831693,0.436497213318944,1.3227155236527324
lora,random full test,lora,0.9494394729773669,0.9486048606641653,0.9926162856695808,0.9871113490081248,0.0735917882592466,6964.45,24.974609375,887811,0.007526458718224525,0.0036749765276908875,0.031039003282785416
