{
  "accuracy": 0.9494394729773669,
  "auprc_acceptor": 0.9869097818384505,
  "auprc_donor": 0.9863560724754038,
  "auprc_non_splice": 0.9880681927105202,
  "auroc_acceptor": 0.9942873541875422,
  "auroc_donor": 0.9943358595709911,
  "auroc_non_splice": 0.9892256432502091,
  "confusion_matrix": [
    [
      66778,
      2039,
      1920
    ],
    [
      1341,
      33635,
      221
    ],
    [
      1430,
      202,
      33908
    ]
  ],
  "macro_f1": 0.9486048606641653,
  "per_class": {
    "acceptor": {
      "f1": 0.947296372347707,
      "precision": 0.9406086160503758,
      "recall": 0.9540799099606078,
      "support": 35540
    },
    "donor": {
      "f1": 0.9464916353608261,
      "precision": 0.9375348422343628,
      "recall": 0.9556212177174191,
      "support": 35197
    },
    "non_splice": {
      "f1": 0.9520265742839628,
      "precision": 0.9601575867374081,
      "recall": 0.9440321189759249,
      "support": 70737
    }
  }
}
