{
  "accuracy": 0.6314799892559764,
  "auprc_acceptor": 0.49699038468292056,
  "auprc_donor": 0.5603026999808941,
  "auprc_non_splice": 0.8126356408444843,
  "auroc_acceptor": 0.7372301026528669,
  "auroc_donor": 0.7752582098790494,
  "auroc_non_splice": 0.8211758381151961,
  "confusion_matrix": [
    [
      60768,
      4183,
      5786
    ],
    [
      13210,
      15510,
      6477
    ],
    [
      15419,
      7061,
      13060
    ]
  ],
  "macro_f1": 0.5629477502405845,
  "per_class": {
    "acceptor": {
      "f1": 0.4291605737475971,
      "precision": 0.5157366820676855,
      "recall": 0.3674732695554305,
      "support": 35540
    },
    "donor": {
      "f1": 0.5007183096318057,
      "precision": 0.5797263960529266,
      "recall": 0.4406625564678808,
      "support": 35197
    },
    "non_splice": {
      "f1": 0.7589643673423507,
      "precision": 0.6797543541729588,
      "recall": 0.8590695110055558,
      "support": 70737
    }
  }
}
