{
  "test": {
    "accuracy": 0.625,
    "auprc_acceptor": 0.42367015129019636,
    "auprc_donor": 0.38256300402580584,
    "auprc_non_splice": 0.8666132652899878,
    "auroc_acceptor": 0.7026284458283726,
    "auroc_donor": 0.7056840528139339,
    "auroc_non_splice": 0.8676388888888888,
    "confusion_matrix": [
      [
        97,
        2,
        21
      ],
      [
        13,
        25,
        21
      ],
      [
        11,
        22,
        28
      ]
    ],
    "macro_f1": 0.5651410440351768,
    "per_class": {
      "acceptor": {
        "f1": 0.42748091603053434,
        "precision": 0.4,
        "recall": 0.45901639344262296,
        "support": 61
      },
      "donor": {
        "f1": 0.46296296296296297,
        "precision": 0.5102040816326531,
        "recall": 0.423728813559322,
        "support": 59
      },
      "non_splice": {
        "f1": 0.8049792531120332,
        "precision": 0.8016528925619835,
        "recall": 0.8083333333333333,
        "support": 120
      }
    }
  },
  "valid": {
    "accuracy": 0.5541666666666667,
    "auprc_acceptor": 0.4592180355095393,
    "auprc_donor": 0.46122964683581413,
    "auprc_non_splice": 0.8478897425813473,
    "auroc_acceptor": 0.6971296296296295,
    "auroc_donor": 0.722037037037037,
    "auroc_non_splice": 0.855,
    "confusion_matrix": [
      [
        81,
        21,
        18
      ],
      [
        7,
        25,
        28
      ],
      [
        14,
        19,
        27
      ]
    ],
    "macro_f1": 0.5119149224412382,
    "per_class": {
      "acceptor": {
        "f1": 0.40601503759398494,
        "precision": 0.3698630136986301,
        "recall": 0.45,
        "support": 60
      },
      "donor": {
        "f1": 0.4,
        "precision": 0.38461538461538464,
        "recall": 0.4166666666666667,
        "support": 60
      },
      "non_splice": {
        "f1": 0.7297297297297297,
        "precision": 0.7941176470588235,
        "recall": 0.675,
        "support": 120
      }
    }
  }
}
